"0","46","820","2784"
"1","34","1006","8118"
"2","50","1088","5353"
"3","97","1775","3131"
"4","85","476","5873"
"5","59","1010","7725"
"6","47","1496","8006"
"7","92","1549","9369"
"8","13","421","6315"
"9","21","219","3647"
"10","61","1428","6650"
"11","97","320","7953"
"12","85","1524","9831"
"13","80","1255","7717"
"14","23","868","4893"
"15","99","920","800"
"16","81","1346","8518"
"17","33","379","4373"
"18","52","1391","952"
"19","52","1663","2586"
"20","13","1885","749"
"21","91","640","6168"
"22","50","1906","2114"
"23","74","1161","5986"
"24","12","1436","1244"
"25","47","612","233"
"26","31","959","5572"
"27","14","1912","3566"
"28","44","1509","1345"
"29","50","332","7791"
"30","6","252","495"
"31","41","760","5212"
"32","30","1668","8425"
"33","26","1530","1314"
"34","83","1112","7291"
"35","16","451","5865"
"36","77","768","4760"
"37","28","672","7044"
"38","4","1852","1721"
"39","47","1714","3579"
"40","91","1251","1568"
"41","8","821","124"
"42","51","57","8574"
"43","48","1885","3985"
"44","57","763","763"
"45","90","1309","2387"
"46","8","1838","418"
"47","94","1251","7206"
"48","96","125","7330"
"49","83","1231","8851"
"50","8","682","5431"
"51","18","90","1958"
"52","80","1644","8328"
"53","9","564","6561"
"54","7","382","8081"
"55","41","221","4951"
"56","58","493","440"
"57","2","1858","6185"
"58","76","1053","3507"
"59","5","1435","1267"
"60","1","844","2758"
"61","57","251","5480"
"62","98","1163","8315"
"63","93","1573","3541"
"64","88","1422","7790"
"65","45","442","4156"
"66","65","467","4401"
"67","4","247","8127"
"68","88","702","7070"
"69","47","733","4595"
"70","65","1013","7551"
"71","70","766","4562"
"72","23","1586","7220"
"73","42","530","7623"
"74","23","1691","7855"
"75","58","1249","5307"
"76","78","456","4506"
"77","20","1201","2826"
"78","4","1342","5773"
"79","81","934","2159"
"80","56","1244","234"
"81","8","713","6431"
"82","97","951","500"
"83","21","84","2464"
"84","9","1103","8955"
"85","70","1442","7105"
"86","77","1843","9350"
"87","72","643","925"
"88","39","341","4151"
"89","99","1868","7836"
"90","9","1144","268"
"91","18","1285","4982"
"92","52","1906","7525"
"93","3","347","5363"
"94","76","1902","7306"
"95","50","1103","360"
"96","84","721","8813"
"97","11","1634","2176"
"98","48","1301","6146"
"99","34","666","812"
"100","8","1391","7245"
"101","1","1360","4554"
"102","61","1872","6264"
"103","98","785","4200"
"104","36","1371","961"
"105","14","751","5946"
"106","6","514","4558"
"107","16","247","848"
"108","98","160","5898"
"109","7","345","266"
"110","41","1935","4632"
"111","42","1320","1431"
"112","21","1538","8247"
"113","6","1433","1394"
"114","61","995","7485"
"115","57","1481","4595"
"116","69","84","87"
"117","13","1644","4116"
"118","61","378","532"
"119","15","210","530"
"120","79","1213","2056"
"121","19","332","7711"
"122","38","1913","2258"
"123","89","1883","8653"
"124","83","389","1056"
"125","44","1403","1081"
"126","76","1905","3815"
"127","48","892","9068"
"128","37","722","9345"
"129","82","1176","6400"
"130","29","695","8178"
"131","8","1163","2238"
"132","10","994","9079"
"133","61","884","5820"
"134","13","155","8229"
"135","44","1253","6381"
"136","47","1906","5954"
"137","39","750","1221"
"138","86","1330","174"
"139","81","346","3214"
"140","29","1855","2535"
"141","98","1301","5718"
"142","1","1040","2680"
"143","58","1501","2830"
"144","82","1546","8280"
"145","61","122","1075"
"146","61","1538","5020"
"147","50","1053","7114"
"148","49","33","280"
"149","35","156","8562"
"150","82","742","2613"
"151","11","269","6549"
"152","86","838","7825"
"153","9","540","3379"
"154","53","33","760"
"155","73","1217","8801"
"156","98","1894","2123"
"157","64","818","9576"
"158","97","1987","9924"
"159","36","1161","2293"
"160","98","1804","5998"
"161","21","1047","5736"
"162","27","1801","4944"
"163","33","951","4380"
"164","96","827","8647"
"165","81","412","3169"
"166","20","1783","2746"
"167","24","605","866"
"168","30","1838","7654"
"169","96","1883","7752"
"170","7","312","3033"
"171","97","883","5333"
"172","97","478","1733"
"173","52","4","3101"
"174","33","674","4381"
"175","61","897","5181"
"176","86","1901","1851"
"177","77","1357","4469"
"178","24","1326","253"
"179","46","61","869"
"180","83","1845","7963"
"181","61","696","3313"
"182","30","1126","5284"
"183","22","586","1620"
"184","27","674","4405"
"185","81","677","7943"
"186","17","564","5237"
"187","85","125","8863"
"188","55","890","1924"
"189","50","1345","949"
"190","30","419","7853"
"191","76","950","4091"
"192","47","1937","8344"
"193","94","664","735"
"194","95","1976","9348"
"195","44","681","3775"
"196","13","1517","7095"
"197","7","1264","8044"
"198","71","1444","2238"
"199","10","1556","8212"
"200","86","1460","4931"
"201","67","191","3426"
"202","57","1103","3369"
"203","97","421","4827"
"204","2","1181","1754"
"205","68","54","6113"
"206","35","895","7493"
"207","17","1804","3271"
"208","87","114","4756"
"209","98","1731","4493"
"210","91","1022","8515"
"211","66","310","9653"
"212","55","299","9602"
"213","15","549","6364"
"214","40","242","9194"
"215","12","442","2330"
"216","87","1691","811"
"217","27","237","7138"
"218","97","371","8271"
"219","23","578","430"
"220","60","3","3104"
"221","64","1414","8029"
"222","71","252","5721"
"223","33","1509","6586"
"224","34","85","4617"
"225","15","1103","2614"
"226","13","1844","4340"
"227","41","896","294"
"228","36","59","1604"
"229","33","1808","5520"
"230","35","1899","24"
"231","32","1978","9628"
"232","21","878","3851"
"233","58","499","3551"
"234","54","1870","6868"
"235","46","688","3216"
"236","50","1979","3154"
"237","92","334","1100"
"238","40","1350","1858"
"239","4","1600","7421"
"240","2","1501","1160"
"241","65","480","6830"
"242","62","1789","2842"
"243","39","82","4285"
"244","52","1472","8936"
"245","87","325","4276"
"246","67","1250","2428"
"247","51","107","2861"
"248","48","1766","5829"
"249","83","166","6689"
"250","66","655","1394"
"251","75","1885","1510"
"252","86","1350","9850"
"253","70","145","2924"
"254","8","730","7113"
"255","63","350","5724"
"256","65","1788","8351"
"257","56","1725","983"
"258","24","761","7852"
"259","86","1231","7845"
"260","39","189","7861"
"261","33","1803","1497"
"262","79","1328","1029"
"263","97","677","3660"
"264","58","1574","8773"
"265","72","1455","1726"
"266","50","1807","4101"
"267","87","858","1615"
"268","1","698","8534"
"269","2","121","9541"
"270","48","1731","757"
"271","4","732","3847"
"272","35","1912","2484"
"273","23","124","9639"
"274","90","1880","8024"
"275","76","395","273"
"276","2","735","2597"
"277","87","433","6218"
"278","66","1613","3812"
"279","16","743","4207"
"280","35","721","4037"
"281","46","1211","4735"
"282","19","985","6846"
"283","55","799","442"
"284","89","1645","3617"
"285","54","1180","6535"
"286","95","615","2023"
"287","51","466","5600"
"288","89","942","2293"
"289","79","374","8465"
"290","95","1629","5804"
"291","18","1081","6882"
"292","66","908","1988"
"293","79","15","9189"
"294","39","1403","4965"
"295","52","768","1683"
"296","2","1163","8749"
"297","33","1955","463"
"298","17","205","7874"
"299","56","798","2710"
"300","54","838","1712"
"301","60","1621","6987"
"302","7","429","4880"
"303","73","315","2429"
"304","0","702","2441"
"305","55","1357","1626"
"306","63","1049","424"
"307","62","574","6717"
"308","85","1401","1599"
"309","0","1017","9027"
"310","63","1318","5870"
"311","60","1673","8304"
"312","57","153","5170"
"313","78","1808","9326"
"314","40","1944","5085"
"315","82","1041","3570"
"316","90","445","238"
"317","73","145","8691"
"318","84","1184","4229"
"319","9","457","9619"
"320","91","156","3707"
"321","57","1501","2918"
"322","61","46","5159"
"323","11","1280","9573"
"324","50","1023","8675"
"325","95","1094","8421"
"326","60","1645","5621"
"327","24","768","4356"
"328","83","1545","1976"
"329","29","1766","8514"
"330","18","530","3487"
"331","67","640","8947"
"332","63","266","5302"
"333","9","1572","7597"
"334","35","1369","668"
"335","49","361","3649"
"336","45","438","5515"
"337","76","637","1891"
"338","70","466","1745"
"339","76","137","5479"
"340","28","1050","8101"
"341","85","383","2387"
"342","99","1000","4091"
"343","6","1203","1266"
"344","86","112","3678"
"345","83","655","1317"
"346","35","1808","6755"
"347","76","1251","9269"
"348","96","1600","5966"
"349","9","866","4951"
"350","98","762","711"
"351","57","395","822"
"352","9","574","3707"
"353","36","962","3616"
"354","3","1896","3823"
"355","97","719","8112"
"356","32","1037","8169"
"357","93","1659","3925"
"358","70","278","9380"
"359","4","12","9336"
"360","76","191","2719"
"361","91","1426","2945"
"362","45","1101","6427"
"363","50","1095","4789"
"364","13","1899","8501"
"365","55","751","2038"
"366","1","922","9092"
"367","91","1255","633"
"368","89","788","2867"
"369","49","340","9455"
"370","96","1433","7891"
"371","25","1149","6761"
"372","72","1920","3694"
"373","41","1613","6805"
"374","95","1357","1082"
"375","76","1812","1851"
"376","84","1131","6014"
"377","2","170","4808"
"378","32","113","4744"
"379","2","1837","2976"
"380","64","1906","5529"
"381","32","1734","3887"
"382","95","1088","412"
"383","98","1488","1903"
"384","45","288","6187"
"385","42","1960","5477"
"386","98","1669","2483"
"387","63","883","212"
"388","8","1550","6759"
"389","23","929","6997"
"390","16","264","2009"
"391","8","1296","9740"
"392","41","1714","8162"
"393","45","485","6195"
"394","22","259","8003"
"395","0","730","1028"
"396","18","513","3805"
"397","85","21","6040"
"398","89","665","3610"
"399","38","1107","9584"
"400","16","1347","7390"
"401","29","1316","861"
"402","89","643","5552"
"403","64","1196","5303"
"404","21","530","8713"
"405","27","237","587"
"406","26","1480","3786"
"407","82","841","4623"
"408","25","238","9917"
"409","60","960","2272"
"410","87","363","9083"
"411","75","957","5369"
"412","93","1635","7108"
"413","54","1947","5253"
"414","10","574","1938"
"415","11","753","2853"
"416","61","1629","5033"
"417","7","291","9466"
"418","87","336","6645"
"419","25","1104","1520"
"420","97","666","5752"
"421","12","1737","4967"
"422","46","1397","8490"
"423","31","1279","3940"
"424","40","75","6215"
"425","18","667","4369"
"426","34","1911","3798"
"427","81","334","5843"
"428","10","387","1291"
"429","15","934","4377"
"430","42","1086","6327"
"431","97","1364","8900"
"432","91","1118","2547"
"433","35","345","1045"
"434","53","401","9535"
"435","16","1855","2999"
"436","68","1368","7687"
"437","91","273","7154"
"438","13","1219","2720"
"439","46","634","2319"
"440","31","1419","2459"
"441","33","1018","6544"
"442","97","1070","6451"
"443","63","908","1010"
"444","51","799","1369"
"445","19","490","9281"
"446","31","126","5949"
"447","48","1923","9588"
"448","12","860","5820"
"449","69","1225","3409"
"450","31","1326","8784"
"451","18","1342","5334"
"452","73","1702","2206"
"453","72","963","7069"
"454","96","1756","6519"
"455","34","1282","9645"
"456","7","677","7719"
"457","27","1757","5449"
"458","97","1267","7248"
"459","47","1089","6919"
"460","30","454","1532"
"461","47","1645","542"
"462","23","634","8902"
"463","37","1451","6459"
"464","74","1403","9375"
"465","2","713","413"
"466","32","601","3746"
"467","39","1203","69"
"468","40","924","5066"
"469","73","549","9054"
"470","96","1367","570"
"471","70","1081","7888"
"472","99","147","306"
"473","33","1435","9596"
"474","31","1151","1223"
"475","4","767","600"
"476","52","493","1382"
"477","42","1360","9155"
"478","28","219","2828"
"479","47","1457","2836"
"480","5","1559","9702"
"481","48","1127","1021"
"482","0","250","8392"
"483","51","1383","1986"
"484","78","1386","5461"
"485","46","1504","8073"
"486","24","925","5196"
"487","43","263","1141"
"488","81","49","7794"
"489","23","39","346"
"490","16","1330","1938"
"491","52","609","6747"
"492","1","949","786"
"493","20","1609","4857"
"494","84","1730","5848"
"495","11","253","5517"
"496","70","125","9553"
"497","83","1160","9078"
"498","84","1913","6059"
"499","89","1163","1051"
"500","11","1511","1580"
"501","92","685","205"
"502","59","751","2571"
"503","41","1223","1648"
"504","55","251","8130"
"505","60","763","3214"
"506","93","1023","7578"
"507","46","858","7824"
"508","52","129","1607"
"509","23","1489","1578"
"510","56","341","1619"
"511","30","125","3149"
"512","15","593","2253"
"513","11","1426","9205"
"514","31","1109","941"
"515","11","1272","8364"
"516","58","662","2022"
"517","22","768","7053"
"518","38","1889","4922"
"519","30","1104","1189"
"520","71","1342","9762"
"521","64","703","1142"
"522","82","250","6082"
"523","29","1976","840"
"524","85","244","2339"
"525","3","1955","7318"
"526","41","612","5363"
"527","69","664","4776"
"528","9","1584","1963"
"529","93","336","471"
"530","80","1668","626"
"531","85","1962","1765"
"532","28","1472","8408"
"533","79","1147","523"
"534","83","1198","1447"
"535","97","1318","5243"
"536","50","1490","767"
"537","67","156","7697"
"538","97","767","9029"
"539","95","518","4459"
"540","21","1560","196"
"541","28","1712","9981"
"542","83","33","665"
"543","81","1107","1134"
"544","72","154","2348"
"545","9","1898","8725"
"546","29","307","9501"
"547","65","440","8005"
"548","0","828","7228"
"549","19","1005","2810"
"550","35","773","2689"
"551","99","1572","7396"
"552","3","1094","4035"
"553","81","1008","480"
"554","82","1791","7890"
"555","36","1505","3653"
"556","93","98","1164"
"557","46","1102","3300"
"558","12","1450","1769"
"559","79","1994","7965"
"560","52","409","3868"
"561","73","634","8081"
"562","84","1724","1251"
"563","65","1783","6697"
"564","14","936","6105"
"565","82","355","3507"
"566","80","621","2694"
"567","70","1216","443"
"568","18","1842","3900"
"569","61","1458","3260"
"570","1","1998","5035"
"571","19","58","8113"
"572","65","1550","3628"
"573","76","1090","1344"
"574","77","294","4792"
"575","38","693","1425"
"576","23","1443","4457"
"577","59","464","5882"
"578","68","767","5024"
"579","2","680","8752"
"580","39","987","2121"
"581","49","963","9734"
"582","73","1227","6068"
"583","57","518","7860"
"584","14","357","509"
"585","50","782","8621"
"586","87","1351","7493"
"587","23","507","227"
"588","1","137","2023"
"589","47","695","6951"
"590","38","1199","4550"
"591","39","71","7094"
"592","77","1527","4766"
"593","85","1092","9978"
"594","83","375","3664"
"595","89","791","8748"
"596","32","831","9239"
"597","15","656","1278"
"598","59","227","7801"
"599","4","1564","6438"
"600","33","1490","7846"
"601","36","269","1575"
"602","62","1573","8510"
"603","51","940","6558"
"604","94","1731","51"
"605","38","949","2284"
"606","48","1550","689"
"607","97","1573","3048"
"608","44","1165","5769"
"609","2","1820","8599"
"610","37","1499","7291"
"611","74","610","338"
"612","58","1479","9211"
"613","3","224","9924"
"614","53","1687","7237"
"615","77","849","9530"
"616","25","1428","686"
"617","68","1412","2358"
"618","59","1521","2211"
"619","99","365","5415"
"620","85","57","3781"
"621","73","102","3279"
"622","25","1582","7717"
"623","45","574","5259"
"624","20","850","1662"
"625","28","38","696"
"626","2","1865","1921"
"627","34","1559","7588"
"628","85","1061","7473"
"629","11","786","6745"
"630","55","1613","6782"
"631","61","1440","2142"
"632","57","1995","3899"
"633","20","399","2243"
"634","88","330","4203"
"635","38","1","2750"
"636","3","6","478"
"637","91","637","4321"
"638","5","323","4034"
"639","25","1993","5171"
"640","97","818","7652"
"641","63","177","8336"
"642","84","306","4349"
"643","38","412","1713"
"644","46","1419","1526"
"645","93","1263","604"
"646","10","1433","5775"
"647","2","510","3116"
"648","44","758","9364"
"649","26","1807","396"
"650","4","1397","3958"
"651","70","1001","1413"
"652","98","563","1801"
"653","56","1653","4768"
"654","76","612","8621"
"655","1","1310","7587"
"656","93","1497","7732"
"657","46","1339","5249"
"658","93","1962","5067"
"659","11","1151","6133"
"660","4","683","6335"
"661","56","1661","7097"
"662","24","1250","2803"
"663","66","409","4481"
"664","59","1193","798"
"665","25","6","8965"
"666","43","485","7607"
"667","17","1992","1739"
"668","96","730","8257"
"669","3","166","3038"
"670","52","525","2841"
"671","40","183","797"
"672","0","1364","4579"
"673","82","1501","8430"
"674","44","1766","2636"
"675","1","1351","7047"
"676","36","1315","4061"
"677","15","1923","6178"
"678","12","1493","3418"
"679","40","896","2963"
"680","34","1270","3525"
"681","54","1092","1104"
"682","19","1829","1182"
"683","34","1990","1163"
"684","14","1712","2706"
"685","59","921","4872"
"686","57","1642","2920"
"687","48","389","8446"
"688","4","1499","3252"
"689","78","1568","9217"
"690","99","1691","8394"
"691","81","1712","1039"
"692","22","1114","3258"
"693","53","851","7799"
"694","48","306","2507"
"695","24","1202","2506"
"696","81","537","9638"
"697","41","342","23"
"698","34","1198","611"
"699","60","765","7824"
"700","75","637","1113"
"701","53","1441","845"
"702","35","1899","9165"
"703","22","601","2613"
"704","11","1028","6938"
"705","15","1205","2979"
"706","16","1889","8891"
"707","54","1231","9983"
"708","94","1122","7224"
"709","62","516","5228"
"710","13","464","8294"
"711","75","1023","2237"
"712","37","178","7625"
"713","59","1873","2442"
"714","20","1082","1510"
"715","18","1497","1848"
"716","89","1573","3959"
"717","1","868","8852"
"718","92","1204","7587"
"719","63","891","191"
"720","53","386","7357"
"721","52","107","4314"
"722","14","951","9209"
"723","64","1781","703"
"724","93","549","2777"
"725","73","15","9812"
"726","44","1028","8719"
"727","78","1104","2638"
"728","54","1702","3064"
"729","54","1021","4811"
"730","48","327","1063"
"731","82","1403","5790"
"732","53","1288","2229"
"733","55","616","9270"
"734","6","1192","212"
"735","62","828","1294"
"736","93","310","5535"
"737","17","210","5197"
"738","71","1542","9233"
"739","89","40","6810"
"740","4","309","5344"
"741","56","342","4140"
"742","74","61","3747"
"743","82","363","2000"
"744","5","6","4422"
"745","45","1288","6938"
"746","71","823","8048"
"747","77","689","475"
"748","37","917","4656"
"749","55","665","7472"
"750","88","58","6316"
"751","17","1153","5604"
"752","38","1313","1702"
"753","15","1959","4213"
"754","55","1208","2552"
"755","13","1912","1906"
"756","60","227","7566"
"757","63","774","4560"
"758","92","918","5481"
"759","59","1267","6688"
"760","16","1851","4902"
"761","46","719","1829"
"762","54","1532","8347"
"763","94","1855","3722"
"764","29","722","576"
"765","41","1862","5632"
"766","5","664","5305"
"767","35","321","6840"
"768","27","1962","4726"
"769","39","1567","4170"
"770","50","1266","7500"
"771","43","1008","6357"
"772","35","312","5615"
"773","69","367","1419"
"774","5","757","924"
"775","65","1008","5036"
"776","46","1788","3894"
"777","81","1196","8729"
"778","43","1065","3758"
"779","76","922","6955"
"780","62","1388","5981"
"781","96","1995","8516"
"782","41","719","6798"
"783","25","957","9416"
"784","92","1197","3106"
"785","30","183","2677"
"786","90","1272","6675"
"787","31","532","9353"
"788","63","837","7510"
"789","42","1969","3359"
"790","95","792","9404"
"791","69","849","3455"
"792","93","646","7294"
"793","11","1112","5806"
"794","84","1550","4937"
"795","8","791","2061"
"796","79","267","6722"
"797","10","1047","7500"
"798","45","601","2896"
"799","41","436","7930"
"800","89","983","1541"
"801","69","18","6878"
"802","39","1443","7326"
"803","0","1313","32"
"804","12","1868","7471"
"805","74","1097","9776"
"806","55","299","3585"
"807","71","241","3940"
"808","82","540","9120"
"809","30","1714","6498"
"810","93","1385","4339"
"811","47","1063","8155"
"812","11","1831","3770"
"813","31","1998","4187"
"814","58","1238","4809"
"815","42","1126","981"
"816","37","1364","5129"
"817","5","1202","1569"
"818","98","872","439"
"819","2","1121","4059"
"820","81","1586","2264"
"821","47","1980","1543"
"822","83","1328","8271"
"823","86","1238","5301"
"824","42","1807","2295"
"825","31","1267","7986"
"826","87","1868","9131"
"827","59","1691","3726"
"828","13","1182","6417"
"829","12","210","9631"
"830","5","1114","7065"
"831","22","1189","9651"
"832","45","128","1339"
"833","70","621","731"
"834","94","1094","2558"
"835","22","735","4039"
"836","99","1932","2261"
"837","0","1343","4153"
"838","84","326","9575"
"839","14","442","8246"
"840","2","497","4865"
"841","73","398","4909"
"842","51","456","8513"
"843","69","1923","577"
"844","86","266","8807"
"845","13","584","4083"
"846","78","1748","8794"
"847","71","983","6275"
"848","8","1845","8640"
"849","37","934","9373"
"850","41","1524","1660"
"851","55","108","6901"
"852","97","288","4429"
"853","14","398","8293"
"854","23","1544","3246"
"855","66","1138","3475"
"856","45","1357","4289"
"857","33","1345","7625"
"858","10","1388","3345"
"859","90","141","3580"
"860","16","428","174"
"861","30","1357","8638"
"862","23","205","5689"
"863","39","340","7517"
"864","20","1973","594"
"865","6","1913","970"
"866","44","438","3520"
"867","8","507","3150"
"868","13","1223","7869"
"869","92","1391","9651"
"870","98","1176","5912"
"871","53","763","5911"
"872","94","1687","2978"
"873","21","844","6381"
"874","33","1885","9722"
"875","8","1176","5558"
"876","67","219","1855"
"877","75","1775","8126"
"878","16","757","8340"
"879","21","1764","137"
"880","57","6","8620"
"881","53","1398","2161"
"882","16","1439","515"
"883","74","669","7764"
"884","52","1852","1125"
"885","86","1581","4227"
"886","42","409","6553"
"887","10","925","4456"
"888","88","1212","3826"
"889","47","183","7342"
"890","32","1210","9670"
"891","97","1702","2643"
"892","29","474","4109"
"893","98","223","7231"
"894","74","1527","8543"
"895","11","1885","8715"
"896","70","153","6101"
"897","44","346","8802"
"898","33","55","4692"
"899","81","917","2764"
"900","21","277","7936"
"901","54","790","6700"
"902","87","1328","5632"
"903","1","939","2863"
"904","61","1629","243"
"905","82","1883","2786"
"906","32","1944","8926"
"907","22","1868","9956"
"908","74","3","1748"
"909","76","1821","4484"
"910","24","1549","2968"
"911","57","1323","6694"
"912","89","42","8358"
"913","30","750","7878"
"914","32","1653","1392"
"915","46","1870","6666"
"916","64","98","8466"
"917","62","1680","7985"
"918","79","1974","1623"
"919","26","952","5845"
"920","87","1659","327"
"921","55","790","9143"
"922","74","576","4970"
"923","48","890","7065"
"924","34","1578","3912"
"925","77","436","1015"
"926","11","1291","4838"
"927","5","957","8572"
"928","85","1781","5460"
"929","18","828","4999"
"930","38","866","1174"
"931","13","533","8928"
"932","40","1140","9860"
"933","63","1315","7787"
"934","20","1845","1796"
"935","32","587","1102"
"936","25","1442","1382"
"937","44","429","7743"
"938","90","1631","4506"
"939","40","942","2185"
"940","19","145","2855"
"941","16","1488","3947"
"942","96","1391","8383"
"943","20","1428","9690"
"944","56","1980","931"
"945","57","550","5705"
"946","30","1893","375"
"947","49","342","3080"
"948","95","1086","8568"
"949","48","14","7155"
"950","32","849","565"
"951","92","476","4192"
"952","70","391","2840"
"953","66","340","8393"
"954","14","1904","9830"
"955","73","15","9980"
"956","75","860","860"
"957","57","951","1714"
"958","9","1523","4562"
"959","94","107","121"
"960","24","1010","2344"
"961","54","536","3862"
"962","26","154","3203"
"963","5","1600","6603"
"964","50","305","1422"
"965","70","1976","2315"
"966","24","1885","6202"
"967","51","1537","3663"
"968","84","1481","4586"
"969","46","1656","364"
"970","28","1878","7611"
"971","59","1008","5704"
"972","75","269","8256"
"973","0","1959","1865"
"974","71","1923","723"
"975","67","101","3304"
"976","16","1585","2362"
"977","44","921","9845"
"978","0","39","7692"
"979","29","1682","1578"
"980","71","858","6787"
"981","41","1171","5740"
"982","21","409","5046"
"983","85","1843","2908"
"984","75","1401","1680"
"985","48","1765","6520"
"986","94","1564","9863"
"987","98","642","4219"
"988","57","1357","3799"
"989","42","304","6965"
"990","0","550","1691"
"991","70","1454","2232"
"992","49","32","8343"
"993","4","189","8898"
"994","21","876","7376"
"995","84","1397","5002"
"996","13","518","4960"
"997","67","307","4635"
"998","14","1513","1948"
"999","37","39","8700"
"1000","71","1273","7283"
"1001","90","1878","6165"
"1002","8","638","5169"
"1003","27","1572","93"
"1004","8","1478","4272"
"1005","11","1878","3669"
"1006","67","1837","2339"
"1007","18","1708","114"
"1008","76","742","6419"
"1009","73","706","3736"
"1010","73","210","8947"
"1011","47","41","1178"
"1012","46","1600","9995"
"1013","96","1714","3926"
"1014","38","128","6834"
"1015","43","1631","5334"
"1016","2","1716","4573"
"1017","42","237","1539"
"1018","59","141","9330"
"1019","28","612","4082"
"1020","76","164","7392"
"1021","19","485","5758"
"1022","91","1949","2384"
"1023","45","1548","1889"
"1024","81","1243","7570"
"1025","65","972","422"
"1026","90","1837","4586"
"1027","90","883","1358"
"1028","62","158","939"
"1029","63","407","3899"
"1030","58","1089","3465"
"1031","98","472","9544"
"1032","98","454","6534"
"1033","60","1883","490"
"1034","27","141","9280"
"1035","38","1878","7486"
"1036","7","15","7291"
"1037","39","583","7491"
"1038","9","137","2604"
"1039","38","1202","3602"
"1040","44","799","8998"
"1041","97","98","4751"
"1042","4","1578","3588"
"1043","51","1555","8121"
"1044","21","1643","8126"
"1045","68","1898","8302"
"1046","74","336","5274"
"1047","37","1443","8560"
"1048","19","355","5572"
"1049","15","757","4807"
"1050","39","1501","2438"
"1051","71","1395","3256"
"1052","59","1082","16"
"1053","86","1643","8023"
"1054","67","345","8847"
"1055","29","145","4406"
"1056","48","341","9419"
"1057","51","788","5217"
"1058","27","995","5521"
"1059","7","304","2545"
"1060","66","1550","4291"
"1061","50","135","2215"
"1062","55","1501","6004"
"1063","50","429","6590"
"1064","96","665","6406"
"1065","73","1742","1648"
"1066","90","858","9147"
"1067","42","1680","9893"
"1068","30","1548","6353"
"1069","56","1160","5456"
"1070","25","553","4102"
"1071","49","1641","550"
"1072","12","1803","2400"
"1073","80","667","2968"
"1074","2","1343","272"
"1075","13","1089","1228"
"1076","47","42","9860"
"1077","84","1227","7114"
"1078","12","1641","5713"
"1079","0","681","7192"
"1080","84","1287","5966"
"1081","91","843","3133"
"1082","64","71","2945"
"1083","89","1264","7116"
"1084","64","1611","2723"
"1085","33","768","3217"
"1086","32","458","8550"
"1087","29","1347","4878"
"1088","99","582","6287"
"1089","78","1152","240"
"1090","74","1893","1908"
"1091","40","587","4314"
"1092","85","451","978"
"1093","63","1889","9709"
"1094","71","1028","6635"
"1095","52","1053","3690"
"1096","97","1884","3887"
"1097","20","1399","3274"
"1098","4","882","5421"
"1099","42","1377","5137"
"1100","5","436","8227"
"1101","83","1852","7848"
"1102","32","310","5991"
"1103","27","1161","6765"
"1104","84","1961","9720"
"1105","19","1245","8695"
"1106","92","1396","4524"
"1107","10","1557","2383"
"1108","21","1251","8947"
"1109","1","1346","8114"
"1110","79","1513","1222"
"1111","75","242","1972"
"1112","76","885","314"
"1113","72","1845","9986"
"1114","14","842","7081"
"1115","30","897","1229"
"1116","50","14","7234"
"1117","17","53","533"
"1118","87","505","5068"
"1119","95","1641","264"
"1120","60","191","2156"
"1121","94","1661","1608"
"1122","30","1280","3240"
"1123","78","1852","8717"
"1124","40","1952","176"
"1125","56","124","3091"
"1126","56","601","9775"
"1127","49","1807","9505"
"1128","21","600","1036"
"1129","36","1605","8924"
"1130","36","201","7099"
"1131","75","1556","7016"
"1132","36","1205","8782"
"1133","18","53","5077"
"1134","95","1413","7874"
"1135","96","354","9455"
"1136","59","843","7172"
"1137","52","1540","2608"
"1138","76","1617","5547"
"1139","11","792","9913"
"1140","99","497","7968"
"1141","16","495","8207"
"1142","88","364","5545"
"1143","95","244","963"
"1144","53","468","9731"
"1145","18","351","4656"
"1146","43","42","8805"
"1147","13","364","5245"
"1148","19","931","4068"
"1149","87","1104","133"
"1150","35","490","161"
"1151","97","1980","8121"
"1152","19","1383","3658"
"1153","47","846","3736"
"1154","33","1412","2724"
"1155","60","457","4423"
"1156","34","1301","5566"
"1157","95","1821","2127"
"1158","24","1127","8180"
"1159","5","1645","5890"
"1160","64","574","8775"
"1161","33","170","7198"
"1162","0","1496","8244"
"1163","10","1632","6333"
"1164","62","1189","5153"
"1165","63","865","9328"
"1166","37","1723","1177"
"1167","13","1480","3770"
"1168","14","1454","2901"
"1169","27","917","1329"
"1170","63","1353","874"
"1171","91","820","3284"
"1172","52","1313","9444"
"1173","55","840","2383"
"1174","42","1893","8371"
"1175","37","237","3892"
"1176","54","457","8958"
"1177","8","247","37"
"1178","8","576","3196"
"1179","95","145","8777"
"1180","23","1342","5916"
"1181","54","1501","2047"
"1182","8","666","3849"
"1183","1","1698","1924"
"1184","7","1878","9493"
"1185","64","472","969"
"1186","88","1021","9333"
"1187","83","1203","131"
"1188","36","303","9886"
"1189","91","1444","4935"
"1190","47","772","2034"
"1191","75","1899","5803"
"1192","7","1233","3801"
"1193","77","832","7963"
"1194","4","567","4244"
"1195","21","476","1862"
"1196","61","409","9085"
"1197","89","1629","9338"
"1198","47","960","6096"
"1199","96","601","2178"
"1200","50","1734","7241"
"1201","53","388","7225"
"1202","96","347","171"
"1203","58","743","8863"
"1204","80","1006","9120"
"1205","68","1600","2756"
"1206","72","1107","781"
"1207","48","1955","8542"
"1208","25","1211","4241"
"1209","46","878","8407"
"1210","96","1951","8981"
"1211","46","862","977"
"1212","68","403","8239"
"1213","21","286","4039"
"1214","66","1923","7349"
"1215","89","1851","502"
"1216","50","41","6941"
"1217","78","82","9162"
"1218","93","468","116"
"1219","30","42","8058"
"1220","84","1089","3591"
"1221","6","696","6285"
"1222","68","15","2061"
"1223","50","321","9601"
"1224","62","221","4059"
"1225","54","750","5240"
"1226","44","1348","3985"
"1227","71","1212","6319"
"1228","97","431","3010"
"1229","9","473","552"
"1230","17","1320","3772"
"1231","19","1302","3665"
"1232","39","1987","3250"
"1233","86","1941","3502"
"1234","44","695","1268"
"1235","56","1723","4098"
"1236","18","267","4889"
"1237","78","340","8006"
"1238","96","794","1758"
"1239","93","695","6106"
"1240","36","1321","404"
"1241","99","288","9676"
"1242","51","1354","1189"
"1243","44","1063","9352"
"1244","72","1585","7191"
"1245","30","858","7061"
"1246","44","1413","4468"
"1247","56","1979","423"
"1248","26","1862","3067"
"1249","41","1876","1342"
"1250","21","1748","9967"
"1251","95","1275","4548"
"1252","28","1436","9029"
"1253","93","515","7497"
"1254","48","1406","5497"
"1255","70","291","8482"
"1256","98","761","7863"
"1257","81","924","3991"
"1258","86","1497","8084"
"1259","26","106","5277"
"1260","37","649","132"
"1261","7","642","1607"
"1262","55","1017","5307"
"1263","75","1198","9411"
"1264","2","1797","4032"
"1265","90","1578","772"
"1266","27","730","7785"
"1267","18","1764","7577"
"1268","88","1687","1640"
"1269","83","1397","8743"
"1270","80","1213","7647"
"1271","17","1201","4484"
"1272","63","1176","9023"
"1273","25","386","1953"
"1274","31","1193","1315"
"1275","46","69","7869"
"1276","91","1244","8936"
"1277","82","1851","9977"
"1278","75","1879","1253"
"1279","16","440","4657"
"1280","88","1766","3192"
"1281","80","456","7530"
"1282","52","391","5504"
"1283","77","774","6235"
"1284","1","1980","2404"
"1285","41","1545","7855"
"1286","64","291","5893"
"1287","67","1873","7751"
"1288","18","732","9889"
"1289","20","53","6993"
"1290","70","330","2079"
"1291","52","442","6203"
"1292","57","1980","893"
"1293","70","139","950"
"1294","7","1585","4869"
"1295","3","442","4418"
"1296","51","1395","4754"
"1297","12","1061","6822"
"1298","74","1094","796"
"1299","1","1104","9575"
"1300","71","1241","297"
"1301","68","473","2260"
"1302","34","640","7750"
"1303","41","1511","1959"
"1304","72","824","4262"
"1305","82","239","1583"
"1306","13","1474","842"
"1307","39","1122","7633"
"1308","73","1107","1176"
"1309","81","1455","4206"
"1310","8","1209","8389"
"1311","26","1451","696"
"1312","80","761","1034"
"1313","27","1474","4561"
"1314","48","1395","2856"
"1315","12","582","40"
"1316","96","559","3925"
"1317","80","1494","7177"
"1318","86","1128","961"
"1319","48","590","1136"
"1320","54","667","3650"
"1321","30","908","8055"
"1322","72","1347","3480"
"1323","11","939","101"
"1324","92","71","9883"
"1325","24","662","6228"
"1326","14","261","6722"
"1327","9","224","6146"
"1328","94","931","3584"
"1329","54","1988","6690"
"1330","12","497","5909"
"1331","43","1152","417"
"1332","94","1288","2565"
"1333","39","10","3365"
"1334","63","567","5392"
"1335","48","1161","7807"
"1336","86","1322","8787"
"1337","41","1117","1203"
"1338","3","355","3940"
"1339","57","1582","4088"
"1340","18","737","191"
"1341","60","1323","4424"
"1342","96","656","7471"
"1343","3","1249","2108"
"1344","54","525","5516"
"1345","54","201","5685"
"1346","60","1461","5662"
"1347","23","375","5774"
"1348","17","1065","2477"
"1349","26","1649","5441"
"1350","26","576","5104"
"1351","73","1296","8962"
"1352","91","753","6940"
"1353","35","1698","6099"
"1354","97","643","4698"
"1355","53","273","4094"
"1356","82","1882","1598"
"1357","29","398","4692"
"1358","43","1409","4457"
"1359","77","1680","229"
"1360","32","136","2924"
"1361","48","949","1731"
"1362","68","81","5571"
"1363","57","1915","8839"
"1364","61","267","106"
"1365","42","300","2660"
"1366","70","1727","5249"
"1367","44","1353","5038"
"1368","37","649","2164"
"1369","42","621","7071"
"1370","43","1828","200"
"1371","96","1298","4343"
"1372","2","1853","2273"
"1373","32","732","5265"
"1374","74","49","730"
"1375","55","1998","1485"
"1376","15","742","1128"
"1377","4","1006","1518"
"1378","30","1094","8189"
"1379","14","107","7782"
"1380","34","1844","7270"
"1381","65","1238","3857"
"1382","22","1409","2958"
"1383","87","1810","2461"
"1384","63","1357","8902"
"1385","11","1203","5558"
"1386","71","46","9253"
"1387","49","1485","9319"
"1388","32","1530","2475"
"1389","62","1347","2822"
"1390","48","309","1831"
"1391","93","1957","2569"
"1392","95","1025","4864"
"1393","50","703","6748"
"1394","31","1094","8562"
"1395","82","642","7773"
"1396","29","951","6061"
"1397","78","715","3123"
"1398","67","269","5367"
"1399","94","533","6256"
"1400","2","387","8998"
"1401","96","615","5706"
"1402","97","1329","4832"
"1403","8","257","1593"
"1404","39","1942","9687"
"1405","81","1483","5078"
"1406","65","98","6309"
"1407","46","590","5341"
"1408","9","774","2443"
"1409","30","1831","1425"
"1410","43","263","7780"
"1411","91","881","9867"
"1412","68","1107","8747"
"1413","34","324","8797"
"1414","3","1962","6883"
"1415","94","1221","6878"
"1416","28","1180","1131"
"1417","34","30","2282"
"1418","35","1912","5439"
"1419","10","1061","6043"
"1420","44","655","4801"
"1421","69","1645","1422"
"1422","84","1617","8156"
"1423","16","1118","7289"
"1424","50","642","8398"
"1425","30","583","1335"
"1426","90","107","4532"
"1427","5","1189","5895"
"1428","55","1267","3590"
"1429","31","281","5140"
"1430","70","680","5971"
"1431","22","530","5318"
"1432","67","378","8432"
"1433","24","515","833"
"1434","54","1018","2087"
"1435","28","485","9716"
"1436","98","876","8518"
"1437","93","908","1586"
"1438","93","1967","1987"
"1439","91","761","1255"
"1440","49","1386","5772"
"1441","39","1316","2375"
"1442","27","123","4197"
"1443","54","1003","8173"
"1444","44","559","7381"
"1445","95","82","9809"
"1446","67","1538","960"
"1447","37","145","8982"
"1448","15","890","8880"
"1449","80","1056","6390"
"1450","31","129","9306"
"1451","93","1013","6698"
"1452","74","335","6145"
"1453","68","961","6198"
"1454","64","590","2197"
"1455","77","851","9532"
"1456","90","659","8470"
"1457","46","442","579"
"1458","6","1830","4677"
"1459","26","614","7406"
"1460","7","763","9639"
"1461","2","708","2955"
"1462","28","991","5105"
"1463","34","553","3974"
"1464","29","28","6904"
"1465","33","892","3138"
"1466","22","1047","732"
"1467","21","1128","8134"
"1468","22","928","9490"
"1469","44","58","1484"
"1470","91","1395","3266"
"1471","18","1532","158"
"1472","17","1935","8809"
"1473","25","1975","7331"
"1474","46","1494","796"
"1475","65","1328","6845"
"1476","84","326","8014"
"1477","15","381","8186"
"1478","85","704","8891"
"1479","20","155","570"
"1480","65","1530","6482"
"1481","90","129","3107"
"1482","22","967","2902"
"1483","41","1504","2629"
"1484","18","1581","9853"
"1485","71","1605","3929"
"1486","61","1776","7806"
"1487","25","1878","5007"
"1488","24","1282","9264"
"1489","9","1766","566"
"1490","42","1902","412"
"1491","48","1339","1381"
"1492","9","703","970"
"1493","30","150","4461"
"1494","24","1908","7081"
"1495","70","1893","4689"
"1496","7","226","9904"
"1497","99","1974","4340"
"1498","74","1810","9041"
"1499","1","1189","7920"
"1500","87","1479","1009"
"1501","82","421","8542"
"1502","82","960","5199"
"1503","91","1989","6616"
"1504","18","536","8188"
"1505","91","1727","9859"
"1506","45","84","9029"
"1507","72","1885","3906"
"1508","54","1473","4741"
"1509","35","1775","3848"
"1510","62","1406","1766"
"1511","47","1959","2413"
"1512","59","891","5577"
"1513","34","1042","7492"
"1514","94","445","7700"
"1515","16","860","3280"
"1516","57","995","5762"
"1517","41","1517","6871"
"1518","82","1665","4033"
"1519","57","1957","5289"
"1520","0","1181","7201"
"1521","14","1041","6229"
"1522","36","1550","9538"
"1523","53","556","974"
"1524","3","1339","422"
"1525","63","352","2476"
"1526","85","1163","9997"
"1527","23","345","6583"
"1528","57","1015","5213"
"1529","78","87","6836"
"1530","95","210","2035"
"1531","97","1664","3098"
"1532","46","593","5059"
"1533","44","763","4810"
"1534","58","1954","7535"
"1535","38","90","2654"
"1536","7","1059","745"
"1537","46","561","7771"
"1538","28","82","6038"
"1539","10","150","5289"
"1540","99","432","3185"
"1541","45","1149","4812"
"1542","43","1329","918"
"1543","30","824","5781"
"1544","7","1884","4340"
"1545","67","1712","6895"
"1546","18","1078","2220"
"1547","83","496","8922"
"1548","58","113","599"
"1549","1","257","7089"
"1550","53","976","6323"
"1551","65","1103","7915"
"1552","15","1844","1267"
"1553","2","1354","8821"
"1554","17","1454","3107"
"1555","45","1498","9967"
"1556","16","258","2971"
"1557","71","382","1185"
"1558","44","1766","621"
"1559","39","1176","3527"
"1560","39","1498","1328"
"1561","85","871","6116"
"1562","72","1322","3512"
"1563","78","123","2064"
"1564","14","1605","1063"
"1565","17","1775","2918"
"1566","27","752","3141"
"1567","32","1521","4659"
"1568","15","361","2181"
"1569","47","722","9872"
"1570","59","1524","3907"
"1571","3","1103","5676"
"1572","2","1017","6050"
"1573","73","1645","197"
"1574","48","476","6368"
"1575","73","931","2579"
"1576","12","564","3375"
"1577","9","1101","9663"
"1578","93","273","7251"
"1579","83","321","2203"
"1580","72","490","2194"
"1581","28","22","7009"
"1582","20","261","3597"
"1583","18","1089","5667"
"1584","35","1100","8383"
"1585","82","1098","5563"
"1586","17","365","6338"
"1587","16","1112","1722"
"1588","48","178","515"
"1589","5","1957","7596"
"1590","38","75","7221"
"1591","90","247","79"
"1592","65","1974","1391"
"1593","80","1394","1079"
"1594","24","549","7180"
"1595","96","13","8348"
"1596","20","518","8433"
"1597","49","892","1497"
"1598","13","432","1025"
"1599","22","1513","7361"
"1600","54","1573","1681"
"1601","96","253","9882"
"1602","4","1915","1929"
"1603","36","1163","405"
"1604","33","841","193"
"1605","19","1912","3199"
"1606","58","1817","7393"
"1607","22","763","3199"
"1608","96","1388","7431"
"1609","0","1581","4108"
"1610","40","1197","7548"
"1611","6","1281","2489"
"1612","13","1879","7320"
"1613","18","768","925"
"1614","63","1266","6400"
"1615","60","1993","5925"
"1616","7","1801","9697"
"1617","12","324","2617"
"1618","99","924","1684"
"1619","65","357","7725"
"1620","7","1481","2499"
"1621","41","1858","236"
"1622","16","154","7332"
"1623","13","1828","1955"
"1624","76","722","6062"
"1625","2","1070","5371"
"1626","50","772","6396"
"1627","81","49","6189"
"1628","10","1413","1665"
"1629","88","1697","3918"
"1630","34","1151","7311"
"1631","50","1053","541"
"1632","45","1330","5102"
"1633","65","1090","6463"
"1634","67","1192","7116"
"1635","58","1524","1773"
"1636","30","1957","1784"
"1637","9","1531","8239"
"1638","19","1151","7290"
"1639","32","1415","988"
"1640","82","516","3091"
"1641","7","1078","350"
"1642","18","1481","3983"
"1643","16","924","5903"
"1644","97","1253","6471"
"1645","33","1912","4918"
"1646","99","1026","1342"
"1647","65","1853","9069"
"1648","98","1658","2171"
"1649","52","818","9737"
"1650","23","515","2144"
"1651","94","1123","2219"
"1652","13","1559","8028"
"1653","6","685","5464"
"1654","37","842","8857"
"1655","46","1989","2098"
"1656","99","664","395"
"1657","27","1748","5394"
"1658","62","737","5373"
"1659","21","1968","1244"
"1660","48","821","3767"
"1661","3","136","2518"
"1662","25","1764","3803"
"1663","13","522","9305"
"1664","70","1897","3201"
"1665","73","1454","4240"
"1666","5","1291","9728"
"1667","76","485","764"
"1668","18","155","6477"
"1669","69","1912","9165"
"1670","80","137","3640"
"1671","97","849","6430"
"1672","46","345","9224"
"1673","2","586","399"
"1674","73","942","6774"
"1675","14","721","2300"
"1676","83","1853","7772"
"1677","4","920","8844"
"1678","70","565","6509"
"1679","15","1803","7756"
"1680","42","1572","756"
"1681","49","350","9375"
"1682","23","1010","8783"
"1683","7","1386","7861"
"1684","8","610","8916"
"1685","98","1608","9141"
"1686","45","1687","6943"
"1687","15","197","2906"
"1688","58","681","3845"
"1689","35","553","1133"
"1690","99","80","9825"
"1691","46","851","7463"
"1692","49","166","1931"
"1693","79","1756","7563"
"1694","98","1997","3193"
"1695","78","832","7098"
"1696","2","1347","1551"
"1697","97","494","2329"
"1698","55","4","743"
"1699","61","1231","1855"
"1700","79","1267","4419"
"1701","44","533","5045"
"1702","92","600","9737"
"1703","29","1494","7879"
"1704","15","340","7579"
"1705","97","183","7325"
"1706","15","1663","25"
"1707","65","913","2828"
"1708","76","451","723"
"1709","93","1126","6969"
"1710","59","532","4420"
"1711","46","531","1349"
"1712","24","420","261"
"1713","70","735","4567"
"1714","45","1880","7587"
"1715","20","1458","7684"
"1716","93","632","6903"
"1717","77","480","9559"
"1718","60","221","9453"
"1719","41","239","8672"
"1720","33","1435","979"
"1721","31","101","3737"
"1722","44","1727","3367"
"1723","77","1873","9401"
"1724","72","1564","9893"
"1725","7","1287","5597"
"1726","96","1017","9736"
"1727","55","1838","2436"
"1728","17","1320","2985"
"1729","49","584","7523"
"1730","25","382","6979"
"1731","50","42","4554"
"1732","77","1209","8862"
"1733","96","1181","2423"
"1734","65","405","4774"
"1735","13","960","2357"
"1736","47","1671","3187"
"1737","7","616","8758"
"1738","23","652","2783"
"1739","28","1739","5828"
"1740","67","107","5803"
"1741","18","820","2740"
"1742","75","849","3151"
"1743","51","582","2469"
"1744","75","145","8473"
"1745","22","245","5379"
"1746","36","1803","7671"
"1747","71","1414","3239"
"1748","4","1401","3279"
"1749","65","1092","6999"
"1750","3","1606","7499"
"1751","50","646","365"
"1752","59","719","9669"
"1753","63","485","9763"
"1754","54","1574","7151"
"1755","44","1911","8158"
"1756","89","996","3482"
"1757","28","1001","5325"
"1758","15","974","1264"
"1759","1","1608","4023"
"1760","48","1238","9071"
"1761","89","799","4048"
"1762","21","1937","6995"
"1763","99","1430","7332"
"1764","39","968","6252"
"1765","75","1889","5908"
"1766","63","1857","262"
"1767","32","178","4568"
"1768","65","929","3648"
"1769","99","957","730"
"1770","9","332","6069"
"1771","2","950","9246"
"1772","28","1492","9408"
"1773","42","1171","2364"
"1774","60","457","5835"
"1775","0","1644","8710"
"1776","16","1118","2922"
"1777","8","373","3694"
"1778","38","1872","4677"
"1779","96","1901","5746"
"1780","44","274","4796"
"1781","1","1493","3980"
"1782","78","1003","4491"
"1783","81","1837","880"
"1784","82","367","728"
"1785","89","885","813"
"1786","6","1714","6865"
"1787","81","1925","8571"
"1788","57","636","9577"
"1789","76","1181","11"
"1790","36","493","7548"
"1791","95","374","2066"
"1792","43","1663","6701"
"1793","77","1118","5831"
"1794","58","1443","715"
"1795","15","865","2447"
"1796","48","1001","3803"
"1797","22","1348","4787"
"1798","79","1994","2504"
"1799","97","1658","8265"
"1800","9","1001","2021"
"1801","15","615","8786"
"1802","63","305","1881"
"1803","78","1959","731"
"1804","6","197","102"
"1805","52","701","1128"
"1806","92","1540","2859"
"1807","80","1512","7841"
"1808","20","1010","2473"
"1809","17","431","6086"
"1810","22","495","1367"
"1811","62","205","792"
"1812","94","1906","2773"
"1813","7","1797","5358"
"1814","12","1896","1612"
"1815","7","1275","827"
"1816","42","1414","8093"
"1817","22","1071","5294"
"1818","45","39","4081"
"1819","50","1805","362"
"1820","22","294","5045"
"1821","80","1217","9338"
"1822","31","1310","9119"
"1823","42","1443","6420"
"1824","88","1915","7749"
"1825","93","299","2520"
"1826","11","1348","5524"
"1827","32","52","1598"
"1828","13","1281","4157"
"1829","58","238","9241"
"1830","44","1557","2143"
"1831","42","1979","3589"
"1832","43","1401","4249"
"1833","6","536","7546"
"1834","32","1799","7693"
"1835","7","211","9789"
"1836","54","267","6848"
"1837","94","832","674"
"1838","50","794","9619"
"1839","66","642","3846"
"1840","9","1027","659"
"1841","43","1878","2027"
"1842","7","1193","9905"
"1843","38","278","6180"
"1844","30","1733","9031"
"1845","19","612","1442"
"1846","54","773","8090"
"1847","90","432","3913"
"1848","66","274","5789"
"1849","25","106","8375"
"1850","23","1279","7328"
"1851","11","102","3778"
"1852","39","646","5348"
"1853","40","1409","2286"
"1854","4","1497","2973"
"1855","30","674","7352"
"1856","57","1986","3628"
"1857","75","135","2653"
"1858","12","93","6214"
"1859","57","1447","1440"
"1860","1","371","2866"
"1861","79","238","2627"
"1862","29","1377","7951"
"1863","68","1026","6905"
"1864","44","1227","9845"
"1865","45","1766","7068"
"1866","98","1358","8747"
"1867","98","655","7619"
"1868","80","659","130"
"1869","93","1345","4007"
"1870","21","1415","9315"
"1871","69","355","182"
"1872","35","494","470"
"1873","49","1216","4369"
"1874","82","419","5933"
"1875","12","1251","6607"
"1876","85","1829","8785"
"1877","49","306","8206"
"1878","72","576","4716"
"1879","71","1330","1348"
"1880","60","849","4932"
"1881","0","396","8353"
"1882","21","266","414"
"1883","38","40","1718"
"1884","50","642","8445"
"1885","99","1402","7448"
"1886","39","273","7940"
"1887","1","303","9178"
"1888","12","141","2459"
"1889","50","962","4934"
"1890","26","574","2729"
"1891","52","1343","1880"
"1892","65","792","7603"
"1893","51","1331","1574"
"1894","46","1273","4846"
"1895","15","758","4110"
"1896","14","124","7154"
"1897","6","1912","7554"
"1898","61","393","9945"
"1899","5","1634","2661"
"1900","63","1144","3957"
"1901","83","1101","6706"
"1902","25","834","7212"
"1903","41","1366","9816"
"1904","54","331","2133"
"1905","6","1041","1247"
"1906","62","493","9499"
"1907","60","445","2917"
"1908","67","324","6687"
"1909","75","722","7852"
"1910","34","456","1386"
"1911","47","578","8458"
"1912","88","355","9546"
"1913","86","1205","3175"
"1914","73","1757","9900"
"1915","74","1807","6929"
"1916","90","1523","3394"
"1917","22","848","492"
"1918","82","117","1679"
"1919","4","604","6988"
"1920","31","1391","7543"
"1921","22","929","6632"
"1922","98","1210","9641"
"1923","87","1621","8342"
"1924","85","1691","3904"
"1925","61","761","4157"
"1926","90","82","1189"
"1927","61","1889","2952"
"1928","31","772","6863"
"1929","35","1719","2774"
"1930","87","1275","2057"
"1931","8","825","2172"
"1932","74","866","3538"
"1933","3","559","783"
"1934","51","1263","5630"
"1935","68","1122","7535"
"1936","69","179","8834"
"1937","4","1402","3619"
"1938","54","973","2732"
"1939","80","1320","5984"
"1940","79","586","2246"
"1941","28","258","3538"
"1942","21","983","1267"
"1943","3","1071","8795"
"1944","23","117","9033"
"1945","10","1063","6994"
"1946","11","1443","3290"
"1947","96","553","5522"
"1948","16","1202","3029"
"1949","96","1391","3169"
"1950","50","1328","2156"
"1951","89","538","3437"
"1952","23","659","3668"
"1953","38","1070","1954"
"1954","75","586","3335"
"1955","19","1267","2977"
"1956","71","375","4458"
"1957","73","1118","3235"
"1958","70","1548","3061"
"1959","22","150","7436"
"1960","38","436","1667"
"1961","18","1878","9444"
"1962","98","990","1877"
"1963","92","882","6858"
"1964","84","1805","6027"
"1965","33","1017","501"
"1966","76","1897","5674"
"1967","3","419","6080"
"1968","8","570","4377"
"1969","24","212","8390"
"1970","5","1599","3082"
"1971","61","1287","5497"
"1972","15","1223","9432"
"1973","98","837","8339"
"1974","97","1629","3272"
"1975","89","536","1301"
"1976","38","525","3348"
"1977","92","391","7738"
"1978","25","638","5466"
"1979","2","1680","5817"
"1980","55","1797","796"
"1981","80","1353","1071"
"1982","8","478","4396"
"1983","62","1942","4768"
"1984","49","251","3392"
"1985","75","383","1701"
"1986","57","689","657"
"1987","64","1390","7524"
"1988","74","1782","9697"
"1989","43","156","927"
"1990","12","139","2038"
"1991","19","1979","8862"
"1992","90","281","5694"
"1993","53","228","267"
"1994","17","1602","5806"
"1995","5","197","5337"
"1996","16","1882","6772"
"1997","60","1266","9409"
"1998","71","834","925"
"1999","14","80","8515"
"2000","96","1144","2179"
"2001","35","1328","7532"
"2002","71","1092","9381"
"2003","5","518","9889"
"2004","36","685","5285"
"2005","76","123","1250"
"2006","82","1153","6802"
"2007","17","1884","9002"
"2008","99","245","3584"
"2009","59","872","3665"
"2010","6","696","7231"
"2011","7","126","3479"
"2012","95","1584","6000"
"2013","53","1546","9869"
"2014","25","1603","534"
"2015","18","768","2046"
"2016","65","760","7353"
"2017","23","1463","3350"
"2018","1","1481","1858"
"2019","15","632","2504"
"2020","59","228","136"
"2021","66","1208","1667"
"2022","34","1287","5618"
"2023","44","891","67"
"2024","57","442","8106"
"2025","97","970","2345"
"2026","57","865","8689"
"2027","48","1272","6853"
"2028","15","1025","1846"
"2029","22","853","8884"
"2030","44","1494","2926"
"2031","24","681","2530"
"2032","24","323","5645"
"2033","2","962","8860"
"2034","10","1609","1285"
"2035","3","922","2525"
"2036","31","1346","2615"
"2037","30","743","584"
"2038","49","1112","1708"
"2039","42","387","4137"
"2040","40","59","5544"
"2041","8","126","5446"
"2042","67","1211","2216"
"2043","43","496","269"
"2044","18","1838","8915"
"2045","23","1439","6110"
"2046","32","801","4571"
"2047","16","1309","9316"
"2048","22","782","3261"
"2049","45","1329","5090"
"2050","89","608","7101"
"2051","97","1911","6069"
"2052","50","55","4229"
"2053","4","193","9972"
"2054","21","440","7192"
"2055","94","758","2656"
"2056","91","1993","9772"
"2057","80","1321","8965"
"2058","29","164","5095"
"2059","79","212","1331"
"2060","28","139","1134"
"2061","42","907","6141"
"2062","47","831","9705"
"2063","41","652","9817"
"2064","98","445","345"
"2065","94","763","4874"
"2066","66","991","4461"
"2067","86","1556","5491"
"2068","76","1783","3639"
"2069","48","1203","2563"
"2070","42","702","1448"
"2071","23","363","2793"
"2072","93","28","7019"
"2073","50","1804","1723"
"2074","99","484","7467"
"2075","75","1986","8312"
"2076","70","1249","9321"
"2077","3","1739","7373"
"2078","14","1407","4759"
"2079","60","457","9813"
"2080","16","484","1989"
"2081","61","973","3788"
"2082","77","1443","8897"
"2083","15","1734","143"
"2084","39","222","6758"
"2085","36","1934","7242"
"2086","21","846","381"
"2087","26","1223","648"
"2088","71","205","2521"
"2089","7","1542","126"
"2090","80","307","8722"
"2091","98","966","8443"
"2092","8","223","2432"
"2093","59","406","5288"
"2094","15","1152","3910"
"2095","67","1249","1647"
"2096","31","1669","914"
"2097","7","126","9633"
"2098","0","6","9077"
"2099","63","1013","8534"
"2100","90","1316","411"
"2101","90","1723","1599"
"2102","3","882","6746"
"2103","58","1672","4240"
"2104","43","931","1816"
"2105","84","768","18"
"2106","76","1676","9120"
"2107","33","1682","5961"
"2108","58","1126","4922"
"2109","77","1279","4916"
"2110","11","59","3355"
"2111","10","1386","9657"
"2112","43","53","2446"
"2113","23","124","882"
"2114","60","1897","7445"
"2115","0","1288","1047"
"2116","21","834","2586"
"2117","73","19","3573"
"2118","97","695","3140"
"2119","96","1097","403"
"2120","90","244","9924"
"2121","91","436","9108"
"2122","7","908","1017"
"2123","7","918","240"
"2124","52","1896","5366"
"2125","47","475","402"
"2126","5","1727","4135"
"2127","26","1643","806"
"2128","28","4","9326"
"2129","90","1978","5971"
"2130","98","1201","1193"
"2131","50","361","980"
"2132","32","1967","6885"
"2133","66","730","5411"
"2134","54","722","9584"
"2135","98","303","4863"
"2136","49","1623","2663"
"2137","60","1597","7067"
"2138","34","1697","5967"
"2139","73","1343","6269"
"2140","3","1039","5909"
"2141","9","1263","2086"
"2142","85","1233","1209"
"2143","61","12","9474"
"2144","44","634","438"
"2145","33","1904","4526"
"2146","83","154","450"
"2147","19","117","8372"
"2148","21","1305","6042"
"2149","50","772","3159"
"2150","29","1951","4031"
"2151","98","264","2674"
"2152","90","1281","6663"
"2153","12","1326","7798"
"2154","26","1005","2472"
"2155","54","742","5292"
"2156","23","1915","5374"
"2157","79","1238","2436"
"2158","30","674","169"
"2159","46","1501","1495"
"2160","43","1920","9032"
"2161","98","885","2536"
"2162","51","1698","57"
"2163","35","90","6814"
"2164","69","1342","1491"
"2165","47","685","8735"
"2166","22","494","1372"
"2167","54","342","8315"
"2168","65","466","7698"
"2169","82","242","9874"
"2170","67","1512","3018"
"2171","66","1480","3875"
"2172","45","652","1863"
"2173","84","838","1159"
"2174","23","1149","5066"
"2175","62","1103","9634"
"2176","31","1472","8244"
"2177","31","615","5044"
"2178","29","431","5770"
"2179","81","210","5342"
"2180","1","646","5836"
"2181","18","841","1155"
"2182","19","1521","7213"
"2183","62","320","5554"
"2184","49","1894","3455"
"2185","91","561","5257"
"2186","93","518","3478"
"2187","56","58","8350"
"2188","91","1483","6342"
"2189","63","431","9349"
"2190","17","61","2514"
"2191","53","325","5233"
"2192","29","984","5393"
"2193","16","1807","6185"
"2194","25","28","8867"
"2195","24","1817","9735"
"2196","18","862","9764"
"2197","73","583","2033"
"2198","60","434","7532"
"2199","73","1005","1117"
"2200","33","1158","5680"
"2201","50","263","5104"
"2202","47","130","7681"
"2203","39","1095","9849"
"2204","13","1330","3185"
"2205","3","525","4887"
"2206","28","1973","2332"
"2207","66","757","3701"
"2208","27","843","2910"
"2209","7","1000","183"
"2210","37","1243","6483"
"2211","89","942","1424"
"2212","99","1478","6513"
"2213","69","454","7299"
"2214","62","510","1942"
"2215","8","564","6332"
"2216","86","54","1303"
"2217","1","1287","9490"
"2218","46","570","6875"
"2219","99","1493","232"
"2220","76","252","9285"
"2221","96","1358","1281"
"2222","92","1447","8897"
"2223","8","1205","6214"
"2224","14","680","5925"
"2225","65","1088","1688"
"2226","0","39","369"
"2227","21","689","4186"
"2228","84","1082","1578"
"2229","51","1210","9846"
"2230","85","1564","8385"
"2231","51","559","7276"
"2232","81","1127","6732"
"2233","36","682","4946"
"2234","35","536","6002"
"2235","62","947","9555"
"2236","11","79","452"
"2237","2","1478","3631"
"2238","86","1708","7454"
"2239","61","1845","7337"
"2240","79","1880","6103"
"2241","88","1353","8915"
"2242","66","1617","574"
"2243","30","1540","3343"
"2244","57","1533","2941"
"2245","79","991","3184"
"2246","48","966","1528"
"2247","40","983","6871"
"2248","37","1021","2843"
"2249","26","81","8305"
"2250","39","530","152"
"2251","87","1216","619"
"2252","81","1908","9979"
"2253","40","1377","2777"
"2254","65","618","9005"
"2255","64","1041","4789"
"2256","30","665","5541"
"2257","39","557","3972"
"2258","64","1209","7743"
"2259","82","1487","9140"
"2260","21","1629","3772"
"2261","55","579","9091"
"2262","41","1423","7081"
"2263","24","347","1206"
"2264","71","1968","7769"
"2265","6","10","2340"
"2266","91","278","9444"
"2267","43","1912","1496"
"2268","67","1107","713"
"2269","39","135","4338"
"2270","41","478","4750"
"2271","60","940","8911"
"2272","24","561","7231"
"2273","39","98","1028"
"2274","39","1493","5453"
"2275","20","507","2689"
"2276","1","1959","6472"
"2277","54","1987","6936"
"2278","2","640","208"
"2279","21","1857","369"
"2280","58","1309","5764"
"2281","66","1807","1766"
"2282","66","1309","1846"
"2283","61","1447","6541"
"2284","32","436","9286"
"2285","94","338","6902"
"2286","92","1844","3476"
"2287","36","93","1536"
"2288","14","335","8981"
"2289","99","242","2993"
"2290","38","1256","3126"
"2291","60","834","8938"
"2292","68","692","5210"
"2293","11","85","2173"
"2294","20","141","7723"
"2295","24","770","8717"
"2296","67","1845","8216"
"2297","40","1730","7125"
"2298","10","1146","4597"
"2299","59","1001","2498"
"2300","36","1114","8589"
"2301","47","1609","9799"
"2302","25","313","4603"
"2303","86","1941","5493"
"2304","6","843","5838"
"2305","58","1990","1593"
"2306","80","325","4034"
"2307","19","1013","8951"
"2308","83","772","1092"
"2309","24","1458","1716"
"2310","72","432","2513"
"2311","41","1975","8773"
"2312","58","18","3511"
"2313","95","658","3857"
"2314","28","1419","677"
"2315","60","1724","8629"
"2316","14","294","9418"
"2317","47","1100","9188"
"2318","58","1530","2679"
"2319","18","391","7443"
"2320","2","226","4407"
"2321","88","578","7772"
"2322","54","669","3114"
"2323","71","576","8429"
"2324","6","226","5207"
"2325","88","696","128"
"2326","67","576","7951"
"2327","99","467","3246"
"2328","95","1544","6109"
"2329","3","1608","5960"
"2330","13","1351","8894"
"2331","4","1005","2650"
"2332","80","1360","195"
"2333","59","1748","9959"
"2334","40","1220","3681"
"2335","44","947","2098"
"2336","49","334","5188"
"2337","46","371","6196"
"2338","70","1929","3735"
"2339","62","1526","4701"
"2340","70","1725","1589"
"2341","13","518","6329"
"2342","78","669","9377"
"2343","71","1291","3125"
"2344","42","1631","6685"
"2345","84","1439","1535"
"2346","85","1211","8426"
"2347","19","1070","7398"
"2348","5","1216","5699"
"2349","97","1264","427"
"2350","40","1545","6568"
"2351","6","1661","9879"
"2352","99","244","9993"
"2353","86","949","4794"
"2354","2","1078","8849"
"2355","64","1040","9192"
"2356","2","696","2852"
"2357","0","429","9270"
"2358","9","1345","7250"
"2359","62","15","2404"
"2360","71","848","7338"
"2361","85","764","5352"
"2362","37","1041","2338"
"2363","42","799","3543"
"2364","49","655","9227"
"2365","49","665","6367"
"2366","32","1811","3238"
"2367","97","1643","3258"
"2368","9","391","526"
"2369","52","920","8687"
"2370","42","652","5135"
"2371","61","1391","7321"
"2372","53","1001","3720"
"2373","60","340","611"
"2374","64","1687","6361"
"2375","14","1713","2774"
"2376","54","767","8702"
"2377","84","1549","3734"
"2378","55","313","7461"
"2379","70","58","2624"
"2380","72","440","3281"
"2381","23","10","1857"
"2382","31","1584","9870"
"2383","85","1724","8273"
"2384","21","942","552"
"2385","71","983","6192"
"2386","30","1949","2515"
"2387","71","674","9377"
"2388","27","632","8427"
"2389","76","251","8983"
"2390","68","1213","2979"
"2391","85","911","2751"
"2392","55","1665","3946"
"2393","29","294","5103"
"2394","25","1828","1270"
"2395","24","1498","3477"
"2396","73","1766","2014"
"2397","41","1851","424"
"2398","98","850","2573"
"2399","32","32","3120"
"2400","72","440","2870"
"2401","54","286","8555"
"2402","73","1352","2915"
"2403","83","44","8313"
"2404","45","798","4891"
"2405","59","1902","3266"
"2406","23","1913","5364"
"2407","15","1501","6360"
"2408","44","1929","3557"
"2409","18","1163","1580"
"2410","49","1018","4433"
"2411","91","1980","2628"
"2412","57","371","1840"
"2413","96","45","8933"
"2414","31","1388","4875"
"2415","66","514","4358"
"2416","96","1572","6572"
"2417","75","724","5422"
"2418","57","701","3277"
"2419","85","405","7714"
"2420","8","1765","7406"
"2421","5","1791","9679"
"2422","29","1013","2353"
"2423","58","1613","9541"
"2424","16","994","2746"
"2425","97","1205","580"
"2426","93","766","1541"
"2427","98","662","9699"
"2428","23","466","8835"
"2429","85","610","6144"
"2430","81","1149","9954"
"2431","13","947","8956"
"2432","72","122","7614"
"2433","4","1121","473"
"2434","55","1489","2051"
"2435","81","1369","8852"
"2436","89","514","9185"
"2437","89","257","7660"
"2438","73","1316","2603"
"2439","32","1288","7171"
"2440","97","205","9473"
"2441","98","363","8072"
"2442","97","1209","2022"
"2443","62","665","257"
"2444","99","266","2960"
"2445","11","1078","5191"
"2446","35","559","7445"
"2447","7","782","6400"
"2448","45","1411","5429"
"2449","26","211","2718"
"2450","61","1550","8105"
"2451","22","1197","891"
"2452","91","1122","7014"
"2453","90","1419","3129"
"2454","12","1952","5367"
"2455","41","1147","5827"
"2456","44","10","6"
"2457","84","1071","5001"
"2458","28","516","3790"
"2459","70","1804","612"
"2460","37","733","8780"
"2461","91","732","8179"
"2462","85","19","4753"
"2463","58","1990","7695"
"2464","99","1391","6734"
"2465","78","445","8884"
"2466","12","1901","1033"
"2467","94","1118","5798"
"2468","41","1974","5837"
"2469","80","49","6920"
"2470","47","1454","8893"
"2471","30","1369","7966"
"2472","13","221","7487"
"2473","56","1006","8091"
"2474","12","908","9912"
"2475","12","286","6287"
"2476","80","836","2586"
"2477","20","659","8126"
"2478","56","1805","8555"
"2479","10","1505","4527"
"2480","36","1954","4128"
"2481","44","1987","3020"
"2482","43","291","1257"
"2483","70","1478","5681"
"2484","51","1923","3761"
"2485","2","1422","4154"
"2486","30","1310","9574"
"2487","38","1348","3126"
"2488","23","1102","8726"
"2489","99","1323","5919"
"2490","72","1609","5811"
"2491","52","237","611"
"2492","3","549","580"
"2493","95","792","686"
"2494","3","1037","434"
"2495","14","58","6610"
"2496","52","1041","8123"
"2497","48","1708","4161"
"2498","59","1023","8404"
"2499","84","1608","7140"
"2500","98","1368","914"
"2501","98","593","5298"
"2502","10","871","4410"
"2503","94","167","8795"
"2504","21","1828","4586"
"2505","94","263","2362"
"2506","64","1478","3216"
"2507","9","1315","6920"
"2508","54","599","8358"
"2509","15","232","1396"
"2510","75","251","5412"
"2511","35","1225","5327"
"2512","7","1489","4676"
"2513","3","1078","8599"
"2514","56","1673","4717"
"2515","76","1131","8046"
"2516","68","147","33"
"2517","83","715","6913"
"2518","18","788","1691"
"2519","66","1756","3750"
"2520","59","333","1829"
"2521","60","1126","7967"
"2522","12","1858","3562"
"2523","51","920","1511"
"2524","31","848","5754"
"2525","65","655","2500"
"2526","27","1367","1722"
"2527","31","1100","4572"
"2528","22","576","2578"
"2529","33","968","7515"
"2530","96","1969","2337"
"2531","48","782","2745"
"2532","91","1455","470"
"2533","34","299","5754"
"2534","0","39","7587"
"2535","78","996","7419"
"2536","54","1323","1248"
"2537","41","1354","194"
"2538","50","1532","4078"
"2539","49","467","4775"
"2540","42","885","2857"
"2541","59","1783","5348"
"2542","53","160","831"
"2543","29","160","2090"
"2544","13","1491","8060"
"2545","90","614","677"
"2546","56","1623","6771"
"2547","41","1285","3244"
"2548","67","706","8536"
"2549","74","1664","2492"
"2550","32","445","5258"
"2551","39","342","489"
"2552","2","1831","5921"
"2553","31","1865","2397"
"2554","46","765","4064"
"2555","12","565","3476"
"2556","87","1775","5823"
"2557","55","183","5852"
"2558","69","1937","4519"
"2559","15","303","6789"
"2560","65","879","264"
"2561","0","330","752"
"2562","18","882","4519"
"2563","91","326","8507"
"2564","24","147","7262"
"2565","53","1205","5916"
"2566","99","1595","1466"
"2567","12","1731","8384"
"2568","90","3","4586"
"2569","24","215","6539"
"2570","3","1006","3322"
"2571","28","1956","2217"
"2572","75","1957","2219"
"2573","87","1556","2339"
"2574","66","1995","2491"
"2575","81","205","9650"
"2576","8","1736","2450"
"2577","29","892","1134"
"2578","47","1509","5013"
"2579","89","1028","3244"
"2580","89","1568","7448"
"2581","49","1202","6510"
"2582","57","53","2476"
"2583","58","1006","7605"
"2584","89","1608","3581"
"2585","99","46","7515"
"2586","88","610","2455"
"2587","20","836","3425"
"2588","2","837","5603"
"2589","15","1263","7685"
"2590","26","40","2963"
"2591","88","1687","4935"
"2592","56","468","2509"
"2593","43","1264","922"
"2594","96","1296","9609"
"2595","57","41","6657"
"2596","14","1281","6327"
"2597","74","1081","2107"
"2598","89","1117","3212"
"2599","20","1313","4336"
"2600","3","224","5319"
"2601","12","1803","6783"
"2602","37","1505","1924"
"2603","84","687","1464"
"2604","22","1162","9718"
"2605","44","1414","4308"
"2606","46","429","6547"
"2607","17","1354","4818"
"2608","30","121","6382"
"2609","16","1342","2349"
"2610","41","972","5845"
"2611","20","879","4046"
"2612","42","310","8005"
"2613","95","1433","727"
"2614","99","1201","8599"
"2615","96","1525","4550"
"2616","35","1473","4656"
"2617","35","991","668"
"2618","92","1442","1905"
"2619","58","652","571"
"2620","49","1902","5999"
"2621","82","497","7894"
"2622","0","513","9594"
"2623","91","601","5076"
"2624","89","219","1325"
"2625","52","1969","2731"
"2626","47","1454","6924"
"2627","33","1245","8494"
"2628","77","242","1541"
"2629","10","429","2589"
"2630","27","238","7009"
"2631","47","1733","6678"
"2632","81","1193","5086"
"2633","55","1463","8565"
"2634","90","240","3172"
"2635","79","561","401"
"2636","94","85","6051"
"2637","40","949","1532"
"2638","11","13","4037"
"2639","4","1820","3181"
"2640","59","1496","6384"
"2641","78","220","894"
"2642","44","1676","6469"
"2643","97","1586","9167"
"2644","3","1221","8450"
"2645","15","1245","3132"
"2646","56","968","2274"
"2647","47","1986","9923"
"2648","64","557","113"
"2649","68","263","6379"
"2650","29","1723","5564"
"2651","64","983","7165"
"2652","21","1326","6618"
"2653","16","1935","9297"
"2654","89","126","5576"
"2655","4","1027","9767"
"2656","43","1513","6047"
"2657","58","1430","5566"
"2658","64","1791","433"
"2659","83","1975","1614"
"2660","0","1112","7331"
"2661","14","827","6623"
"2662","35","1702","8352"
"2663","63","733","8112"
"2664","64","985","5534"
"2665","18","331","1406"
"2666","21","1582","661"
"2667","87","1100","5752"
"2668","7","1126","5024"
"2669","25","1865","1415"
"2670","89","1960","8609"
"2671","58","1431","2772"
"2672","1","1471","9591"
"2673","22","703","3861"
"2674","70","81","2148"
"2675","68","150","8619"
"2676","21","677","9710"
"2677","92","1213","8162"
"2678","49","965","3997"
"2679","67","1947","7912"
"2680","69","373","9158"
"2681","91","221","595"
"2682","1","1987","6158"
"2683","54","1455","3080"
"2684","78","1788","2434"
"2685","4","1202","9036"
"2686","49","937","3945"
"2687","1","1820","3007"
"2688","22","55","2350"
"2689","6","984","80"
"2690","94","395","415"
"2691","45","264","1203"
"2692","50","1364","7217"
"2693","24","1671","6048"
"2694","94","995","4145"
"2695","80","299","6580"
"2696","43","1621","2734"
"2697","31","390","9051"
"2698","53","361","3271"
"2699","25","893","6641"
"2700","31","737","2247"
"2701","28","1992","5847"
"2702","36","632","1161"
"2703","17","1281","5381"
"2704","79","456","1104"
"2705","6","88","6463"
"2706","32","378","3496"
"2707","6","1102","4608"
"2708","36","241","8877"
"2709","63","1550","2422"
"2710","51","1532","1741"
"2711","11","1402","3659"
"2712","8","881","5099"
"2713","74","1302","9166"
"2714","37","621","1747"
"2715","50","1621","8872"
"2716","3","1882","7240"
"2717","39","813","9992"
"2718","90","226","4350"
"2719","61","1028","9464"
"2720","80","84","6755"
"2721","97","685","4151"
"2722","31","1775","1760"
"2723","42","800","4433"
"2724","55","46","9499"
"2725","0","1479","5303"
"2726","57","1082","812"
"2727","9","1643","7791"
"2728","12","685","8194"
"2729","49","681","1771"
"2730","2","1757","7824"
"2731","61","767","9352"
"2732","46","1906","8226"
"2733","66","883","34"
"2734","90","1653","9011"
"2735","86","702","1784"
"2736","44","1117","7118"
"2737","15","649","7400"
"2738","34","962","1767"
"2739","31","907","3210"
"2740","7","1104","4216"
"2741","28","774","1516"
"2742","23","1196","1656"
"2743","6","1734","6637"
"2744","17","473","7990"
"2745","86","249","7775"
"2746","20","1409","1125"
"2747","64","612","527"
"2748","74","605","166"
"2749","55","1","2885"
"2750","65","277","4260"
"2751","70","1714","8002"
"2752","42","277","7193"
"2753","74","1714","5840"
"2754","15","1724","5732"
"2755","43","431","3893"
"2756","94","498","4048"
"2757","47","730","4689"
"2758","6","1096","2596"
"2759","69","1720","4598"
"2760","20","1980","9679"
"2761","49","1354","4347"
"2762","37","1902","1749"
"2763","56","891","5124"
"2764","57","294","8711"
"2765","61","1028","1081"
"2766","9","1658","9291"
"2767","38","604","431"
"2768","9","825","1864"
"2769","7","1712","9562"
"2770","94","1411","8128"
"2771","10","1568","9967"
"2772","41","984","7118"
"2773","79","1369","2152"
"2774","94","1791","389"
"2775","48","1542","3263"
"2776","9","1905","3888"
"2777","89","884","6222"
"2778","92","242","8211"
"2779","15","223","7618"
"2780","59","518","7437"
"2781","66","762","5851"
"2782","31","813","156"
"2783","45","1878","9125"
"2784","1","164","2444"
"2785","41","983","5477"
"2786","37","220","6250"
"2787","66","1245","4550"
"2788","27","1454","5388"
"2789","33","1680","2176"
"2790","16","618","9751"
"2791","98","813","7082"
"2792","44","1282","2799"
"2793","98","1399","4625"
"2794","38","1544","4216"
"2795","54","885","9759"
"2796","55","1664","7426"
"2797","57","18","8630"
"2798","57","1876","5808"
"2799","90","1492","7958"
"2800","72","1868","6495"
"2801","68","93","9303"
"2802","2","49","2744"
"2803","10","851","5763"
"2804","20","1234","4697"
"2805","34","373","1205"
"2806","20","962","1382"
"2807","74","1126","8404"
"2808","42","46","5946"
"2809","11","1065","5168"
"2810","72","800","4599"
"2811","20","1913","7060"
"2812","62","701","6810"
"2813","0","658","3763"
"2814","43","375","1402"
"2815","56","1680","7888"
"2816","97","831","7834"
"2817","68","1158","7863"
"2818","68","1395","6531"
"2819","64","1365","2422"
"2820","86","1256","7013"
"2821","44","1501","2829"
"2822","52","173","6698"
"2823","98","1450","8016"
"2824","70","1873","3916"
"2825","24","1602","3789"
"2826","13","33","3215"
"2827","0","1109","8447"
"2828","80","1010","8444"
"2829","82","1407","6478"
"2830","84","893","6981"
"2831","32","1377","5979"
"2832","14","1426","8470"
"2833","92","1545","2332"
"2834","29","136","309"
"2835","61","155","3179"
"2836","0","934","6067"
"2837","43","264","4624"
"2838","70","1524","8855"
"2839","6","812","2566"
"2840","66","1282","2527"
"2841","32","352","4023"
"2842","62","1574","9592"
"2843","16","773","4990"
"2844","72","266","8933"
"2845","49","324","175"
"2846","29","1959","5350"
"2847","92","836","3856"
"2848","49","1952","5770"
"2849","79","281","1281"
"2850","53","497","6328"
"2851","24","579","2574"
"2852","36","1789","7257"
"2853","27","1906","8867"
"2854","59","1097","2249"
"2855","16","1025","1216"
"2856","57","1621","7826"
"2857","13","1845","201"
"2858","46","381","8488"
"2859","31","1567","1777"
"2860","41","338","2205"
"2861","89","1480","9455"
"2862","23","1608","9764"
"2863","66","244","3725"
"2864","30","374","327"
"2865","1","1285","6310"
"2866","59","1013","2239"
"2867","6","757","2328"
"2868","38","98","9322"
"2869","92","350","2951"
"2870","21","1664","8540"
"2871","27","632","6989"
"2872","84","1643","5671"
"2873","41","1872","6770"
"2874","24","1081","4943"
"2875","27","1028","4916"
"2876","82","1609","7530"
"2877","75","1613","6805"
"2878","68","609","1031"
"2879","67","1107","3454"
"2880","46","135","723"
"2881","74","277","296"
"2882","81","460","2860"
"2883","10","1911","5673"
"2884","27","1402","3225"
"2885","71","533","6248"
"2886","87","1147","1296"
"2887","44","871","8917"
"2888","94","1231","6996"
"2889","99","996","3268"
"2890","93","1182","2342"
"2891","69","391","4293"
"2892","16","950","9318"
"2893","81","460","2691"
"2894","73","1413","1661"
"2895","98","1606","2185"
"2896","63","241","8382"
"2897","89","733","8310"
"2898","93","1876","8775"
"2899","25","737","4068"
"2900","88","1165","6662"
"2901","6","117","4735"
"2902","78","1440","7343"
"2903","48","1807","560"
"2904","59","1940","3524"
"2905","62","959","5569"
"2906","6","1220","1290"
"2907","25","244","4431"
"2908","29","1714","6738"
"2909","27","1104","6133"
"2910","52","851","6281"
"2911","28","475","3780"
"2912","49","1017","9463"
"2913","28","987","9463"
"2914","11","974","1043"
"2915","45","395","3531"
"2916","47","1402","852"
"2917","88","213","9896"
"2918","58","41","4723"
"2919","69","968","6551"
"2920","96","1644","9990"
"2921","83","1443","8567"
"2922","77","1435","2327"
"2923","81","732","6764"
"2924","45","966","5544"
"2925","74","586","4595"
"2926","57","135","9195"
"2927","79","762","4447"
"2928","62","82","648"
"2929","25","1764","3875"
"2930","0","1255","7734"
"2931","9","1761","4342"
"2932","94","1234","8191"
"2933","75","156","4593"
"2934","93","920","9116"
"2935","56","225","3208"
"2936","88","568","3898"
"2937","94","1094","3762"
"2938","30","525","9257"
"2939","43","1152","9572"
"2940","55","1163","3919"
"2941","82","1199","2436"
"2942","44","687","757"
"2943","0","1904","6139"
"2944","66","22","3036"
"2945","15","1279","7874"
"2946","88","574","8403"
"2947","63","1013","2051"
"2948","58","832","2478"
"2949","48","1621","5894"
"2950","30","346","7650"
"2951","62","985","9447"
"2952","10","1205","6091"
"2953","0","1941","4080"
"2954","63","1807","6857"
"2955","12","10","9298"
"2956","98","59","298"
"2957","37","1634","7935"
"2958","24","1623","1575"
"2959","19","1097","4175"
"2960","5","516","4383"
"2961","58","404","3578"
"2962","75","567","5391"
"2963","67","1201","444"
"2964","82","996","8921"
"2965","6","1385","9441"
"2966","96","1501","5754"
"2967","17","1987","5748"
"2968","87","858","615"
"2969","68","1013","6603"
"2970","0","742","6106"
"2971","97","1531","9435"
"2972","96","1478","7462"
"2973","66","341","1912"
"2974","30","1631","5957"
"2975","89","495","4835"
"2976","46","1880","8377"
"2977","66","1102","9217"
"2978","8","1070","3773"
"2979","0","890","6348"
"2980","20","1487","7753"
"2981","99","341","1109"
"2982","28","177","1919"
"2983","23","374","5870"
"2984","6","688","3615"
"2985","49","1481","1252"
"2986","79","794","8115"
"2987","18","1329","1791"
"2988","43","1882","9322"
"2989","7","10","5327"
"2990","25","514","3870"
"2991","17","1844","3961"
"2992","47","1419","2218"
"2993","89","1441","1282"
"2994","61","1947","5705"
"2995","50","1845","716"
"2996","83","559","9430"
"2997","25","1755","5933"
"2998","59","300","5647"
"2999","47","88","8970"
